id;site_name;home_page_name;resources_page_name;staff_page_name;about_page_name;facebook_address;address;phone;email;motto;structure_1;structure_2;structure_3;structure_4;contact_header;structures_header;map_url
1;Practical bypassing;1080p infomediaries;cross-media Principal;Unbranded bluetooth;parse Grocery;contingency distributed needs-based;innovate Shoal;736-542-4065 x1661;Dulce.Kiehn40@yahoo.com;Leone Cape;Intelligent blue repurpose;Practical Digitized;orange Rupiah;Tala Directives;Administrator;Industrial reinvent;bypassing Soap
2;Rustic PNG platforms;efficient;Guarani;Tuna Games;Wooden Handmade synergy;Home;Northern;1-658-653-0269 x601;Al_Weissnat@gmail.com;matrix Lari ivory;mindshare;interface auxiliary;Tactics Metal;Cotton Jersey;Stream Industrial Administrator;pink Card deposit;Sleek calculating
3;web-enabled software Executive;override Pizza markets;Customer-focused Savings Lake;Norwegian Intelligent mobile;Shoals;Consultant;Credit;1-613-975-3414 x0630;Dax63@yahoo.com;syndicate Beauty RAM;concept Soft Zambia;Awesome Wells;Agent;holistic programming convergence;Technician cross-platform;Credit Chief;Generic XML
4;Cambridgeshire;Rubber Shoes Extension;Dalasi Outdoors;Supervisor;archive Regional relationships;hub;Plastic empower;1-765-392-5706 x275;Andrew_Schiller@hotmail.com;AGP;COM Beauty Principe;Bridge Utah;Inverse navigate yellow;Dynamic;Kwacha green;bricks-and-clicks contextually-based Profit-focused;Handcrafted Texas
5;Computer Infrastructure Dram;invoice;Bermuda monitor Paradigm;Markets;navigate paradigm;of transmit Tasty;Marketing incubate Infrastructure;1-768-500-3145;Annamarie_Abshire39@hotmail.com;Data;Granite blockchains;Movies;virtual Macedonia synthesizing;Unbranded olive;portals mobile Intranet;Soft Gorgeous;Cambridgeshire Tasty
6;Future Terrace Rustic;Liaison;ivory unleash;white didactic;transmitting benchmark;Palau;Ball Frozen redefine;934-756-6468 x190;Palma.Stroman@hotmail.com;bypassing;tan Cotton plug-and-play;front-end connecting salmon;explicit;Buckinghamshire;Rubber Guarani;Product;Garden Thailand base
7;Sweden Bedfordshire;Liberian;blockchains lavender;port Intelligent Trail;Plastic Awesome copying;systemic Health;Wooden;1-549-526-5658 x766;Alysson22@yahoo.com;open-source;Customer up;Account;indexing navigating;Maine;Trail;Franc;Hat
8;Enterprise-wide Intelligent Trinidad;Islands Technician 24;Nebraska scale;lime tan;Rand innovate;SMTP Rubber;infrastructure;1-541-462-9111;Esmeralda_Willms46@yahoo.com;cross-media;Savings auxiliary green;Refined recontextualize;JBOD CFA Generic;artificial Handmade Loan;Open-source;back-end Unbranded;Rue up
9;Coordinator payment;Home Self-enabling neural;Tuna;transmit;Dollar microchip withdrawal;Sleek;Manager;1-530-382-3861 x89420;Alexane90@hotmail.com;Clothing XML;e-business fuchsia leverage;Grove connecting;withdrawal lime;Coordinator SMTP;Web;1080p protocol transmit;bandwidth withdrawal Bacon
10;generation;Innovative backing Markets;Web;collaborative Savings;overriding tan;Global;Horizontal deploy Cambridgeshire;(573) 895-5573 x418;Deontae.Lind@yahoo.com;Granite Account Salad;Brook Franc Naira;Shoes;compress;Mouse;bricks-and-clicks;transition Operative Mongolia;Cambridgeshire database Bedfordshire
