id;title;link_url;order_news
1;Dinar quantifying;multi-tasking Orchestrator methodology;55296
2;transmitter architecture haptic;bluetooth capability Plastic;8280
3;XML turn-key Officer;SAS Bedfordshire optical;23436
4;Electronics Hat;Synergistic Malawi;25311
5;Representative driver;Sharable e-business Buckinghamshire;20652
6;backing red;Ville Bedfordshire;78019
7;SCSI HDD Future;Handcrafted architecture Practical;31119
8;Via experiences;blue;58804
9;Tuna GB;Argentine Account override;97338
10;invoice RAM Lead;Auto Computer heuristic;58894
